{
  "project_info": {
    "project_number": "1069747778191",
    "project_id": "signin-ccb55",
    "storage_bucket": "signin-ccb55.appspot.com"
  },
  "client": [
    {
      "client_info": {
        "mobilesdk_app_id": "1:1069747778191:android:4e9383aa81a81c334a76fa",
        "android_client_info": {
          "package_name": "com.example.grace"
        }
      },
      "oauth_client": [
        {
          "client_id": "1069747778191-ucdccf16v0jchqmgh29466k44pcsbnk1.apps.googleusercontent.com",
          "client_type": 1,
          "android_info": {
            "package_name": "com.example.grace",
            "certificate_hash": "6f1d93c97a341028c931bac4d6bb917ef20a1357"
          }
        },
        {
          "client_id": "1069747778191-rrcfua7fpr7o1evlq6ubpt7d9hls4vrt.apps.googleusercontent.com",
          "client_type": 3
        }
      ],
      "api_key": [
        {
          "current_key": "AIzaSyBBAEgT6VIFIwomcFJSUBLd7CM5d0FaKIg"
        }
      ],
      "services": {
        "appinvite_service": {
          "other_platform_oauth_client": [
            {
              "client_id": "1069747778191-rrcfua7fpr7o1evlq6ubpt7d9hls4vrt.apps.googleusercontent.com",
              "client_type": 3
            }
          ]
        }
      }
    }
  ],
  "configuration_version": "1"
}