{
  "project_info": {
    "project_number": "857208551909",
    "project_id": "instagram-e449b",
    "storage_bucket": "instagram-e449b.appspot.com"
  },
  "client": [
    {
      "client_info": {
        "mobilesdk_app_id": "1:857208551909:android:f544d401a8c385a474970c",
        "android_client_info": {
          "package_name": "com.example.instagram"
        }
      },
      "oauth_client": [
        {
          "client_id": "857208551909-ntb4ghs9os1mqvi6kc2j16smnnrs9rau.apps.googleusercontent.com",
          "client_type": 1,
          "android_info": {
            "package_name": "com.example.instagram",
            "certificate_hash": "6f1d93c97a341028c931bac4d6bb917ef20a1357"
          }
        },
        {
          "client_id": "857208551909-labbfk2662j7r6oj7mipjc93d5i52v75.apps.googleusercontent.com",
          "client_type": 3
        }
      ],
      "api_key": [
        {
          "current_key": "AIzaSyDWWxiHsCzM8TLJld1JGvEGpBeJc5m5hCo"
        }
      ],
      "services": {
        "appinvite_service": {
          "other_platform_oauth_client": [
            {
              "client_id": "857208551909-labbfk2662j7r6oj7mipjc93d5i52v75.apps.googleusercontent.com",
              "client_type": 3
            }
          ]
        }
      }
    }
  ],
  "configuration_version": "1"
}