{
  "project_info": {
    "project_number": "43435311755",
    "project_id": "addtocart-2fb64",
    "storage_bucket": "addtocart-2fb64.appspot.com"
  },
  "client": [
    {
      "client_info": {
        "mobilesdk_app_id": "1:43435311755:android:0394cd55f21f7baa0d0a8e",
        "android_client_info": {
          "package_name": "com.example.addtocart"
        }
      },
      "oauth_client": [
        {
          "client_id": "43435311755-7gaflnhqr2edkmpomgg699vqer6u5tp6.apps.googleusercontent.com",
          "client_type": 3
        }
      ],
      "api_key": [
        {
          "current_key": "AIzaSyDoazPVhMYXnbBTZ7YBRfkMTmrgz9MNkA8"
        }
      ],
      "services": {
        "appinvite_service": {
          "other_platform_oauth_client": [
            {
              "client_id": "43435311755-7gaflnhqr2edkmpomgg699vqer6u5tp6.apps.googleusercontent.com",
              "client_type": 3
            }
          ]
        }
      }
    }
  ],
  "configuration_version": "1"
}