{
  "project_info": {
    "project_number": "537763036724",
    "project_id": "candisnap-fb020",
    "storage_bucket": "candisnap-fb020.appspot.com"
  },
  "client": [
    {
      "client_info": {
        "mobilesdk_app_id": "1:537763036724:android:01e9c182112e2e1f1f5461",
        "android_client_info": {
          "package_name": "com.example.candisnap"
        }
      },
      "oauth_client": [
        {
          "client_id": "537763036724-un3bmer6lnjefa8jmhtbam7gm5d2hgbk.apps.googleusercontent.com",
          "client_type": 3
        }
      ],
      "api_key": [
        {
          "current_key": "AIzaSyAgFuONWmLvgRnviCTTCvMQ5wZjtVxeglA"
        }
      ],
      "services": {
        "appinvite_service": {
          "other_platform_oauth_client": [
            {
              "client_id": "537763036724-un3bmer6lnjefa8jmhtbam7gm5d2hgbk.apps.googleusercontent.com",
              "client_type": 3
            }
          ]
        }
      }
    }
  ],
  "configuration_version": "1"
}